filename,label
walking_video0.mp4,5
walking_video3.mp4,5
walking_video2.mp4,5
walking_video1.mp4,5
walking_video7.mp4,5
walking_video4.mp4,5
walking_video6.mp4,5
walking_video5.mp4,5
walking_video10.mp4,5
walking_video8.mp4,5
walking_video9.mp4,5
walking_video13.mp4,5
walking_video16.mp4,5
walking_video12.mp4,5
walking_video14.mp4,5
walking_video15.mp4,5
walking_video11.mp4,5
walking_video18.mp4,5
walking_video19.mp4,5
walking_video17.mp4,5
walking_video20.mp4,5
walking_video23.mp4,5
walking_video21.mp4,5
walking_video24.mp4,5
walking_video22.mp4,5
walking_video27.mp4,5
walking_video26.mp4,5
walking_video25.mp4,5
walking_video30.mp4,5
walking_video28.mp4,5
walking_video29.mp4,5
walking_video33.mp4,5
walking_video31.mp4,5
walking_video32.mp4,5
walking_video34.mp4,5
walking_video35.mp4,5
walking_video36.mp4,5
walking_video38.mp4,5
walking_video39.mp4,5
walking_video37.mp4,5
walking_video40.mp4,5
walking_video41.mp4,5
walking_video44.mp4,5
walking_video42.mp4,5
walking_video45.mp4,5
walking_video43.mp4,5
walking_video46.mp4,5
walking_video47.mp4,5
walking_video49.mp4,5
walking_video48.mp4,5
walking_video52.mp4,5
walking_video50.mp4,5
walking_video51.mp4,5
walking_video55.mp4,5
walking_video53.mp4,5
walking_video54.mp4,5
walking_video56.mp4,5
walking_video58.mp4,5
walking_video57.mp4,5
walking_video61.mp4,5
walking_video59.mp4,5
walking_video60.mp4,5
walking_video62.mp4,5
walking_video63.mp4,5
walking_video65.mp4,5
walking_video66.mp4,5
walking_video67.mp4,5
walking_video64.mp4,5
walking_video70.mp4,5
walking_video68.mp4,5
walking_video69.mp4,5
walking_video74.mp4,5
walking_video71.mp4,5
walking_video72.mp4,5
walking_video73.mp4,5
walking_video76.mp4,5
walking_video75.mp4,5
walking_video77.mp4,5
walking_video80.mp4,5
walking_video78.mp4,5
walking_video79.mp4,5
walking_video81.mp4,5
walking_video84.mp4,5
walking_video85.mp4,5
walking_video82.mp4,5
walking_video83.mp4,5
walking_video87.mp4,5
walking_video86.mp4,5
walking_video88.mp4,5
walking_video90.mp4,5
walking_video89.mp4,5
walking_video91.mp4,5
walking_video92.mp4,5
walking_video94.mp4,5
walking_video93.mp4,5
walking_video95.mp4,5
walking_video96.mp4,5
walking_video97.mp4,5
walking_video99.mp4,5
walking_video98.mp4,5
walking_video100.mp4,5
walking_video101.mp4,5
walking_video102.mp4,5
walking_video103.mp4,5
walking_video104.mp4,5
walking_video106.mp4,5
walking_video105.mp4,5
walking_video107.mp4,5
walking_video109.mp4,5
walking_video110.mp4,5
walking_video108.mp4,5
walking_video111.mp4,5
walking_video113.mp4,5
walking_video112.mp4,5
walking_video115.mp4,5
walking_video114.mp4,5
walking_video116.mp4,5
walking_video117.mp4,5
walking_video118.mp4,5
walking_video119.mp4,5
walking_video120.mp4,5
walking_video121.mp4,5
walking_video123.mp4,5
walking_video122.mp4,5
walking_video124.mp4,5
walking_video126.mp4,5
walking_video125.mp4,5
walking_video127.mp4,5
walking_video128.mp4,5
walking_video129.mp4,5
walking_video130.mp4,5
walking_video131.mp4,5
walking_video132.mp4,5
walking_video133.mp4,5
walking_video134.mp4,5
walking_video135.mp4,5
walking_video136.mp4,5
walking_video139.mp4,5
walking_video137.mp4,5
walking_video138.mp4,5
walking_video140.mp4,5
walking_video141.mp4,5
walking_video142.mp4,5
walking_video144.mp4,5
walking_video143.mp4,5
walking_video146.mp4,5
walking_video145.mp4,5
walking_video147.mp4,5
walking_video148.mp4,5
walking_video149.mp4,5
walking_video150.mp4,5
walking_video151.mp4,5
walking_video154.mp4,5
walking_video152.mp4,5
walking_video155.mp4,5
walking_video153.mp4,5
walking_video156.mp4,5
walking_video157.mp4,5
walking_video158.mp4,5
walking_video159.mp4,5
walking_video161.mp4,5
walking_video160.mp4,5
walking_video162.mp4,5
walking_video163.mp4,5
walking_video165.mp4,5
walking_video164.mp4,5
walking_video167.mp4,5
walking_video166.mp4,5
walking_video169.mp4,5
walking_video168.mp4,5
walking_video170.mp4,5
walking_video171.mp4,5
walking_video173.mp4,5
walking_video172.mp4,5
walking_video174.mp4,5
walking_video175.mp4,5
walking_video177.mp4,5
walking_video176.mp4,5
walking_video178.mp4,5
walking_video179.mp4,5
walking_video181.mp4,5
walking_video180.mp4,5
walking_video182.mp4,5
walking_video184.mp4,5
walking_video183.mp4,5
walking_video186.mp4,5
walking_video187.mp4,5
walking_video185.mp4,5
walking_video188.mp4,5
walking_video190.mp4,5
walking_video189.mp4,5
walking_video191.mp4,5
walking_video192.mp4,5
walking_video193.mp4,5
walking_video194.mp4,5
walking_video195.mp4,5
walking_video196.mp4,5
walking_video197.mp4,5
walking_video198.mp4,5
walking_video199.mp4,5
walking_video201.mp4,5
walking_video200.mp4,5
walking_video202.mp4,5
walking_video203.mp4,5
walking_video204.mp4,5
walking_video206.mp4,5
walking_video205.mp4,5
walking_video207.mp4,5
walking_video209.mp4,5
walking_video208.mp4,5
walking_video210.mp4,5
walking_video211.mp4,5
walking_video212.mp4,5
walking_video215.mp4,5
walking_video213.mp4,5
walking_video214.mp4,5
walking_video216.mp4,5
walking_video218.mp4,5
walking_video217.mp4,5
walking_video219.mp4,5
walking_video221.mp4,5
walking_video220.mp4,5
walking_video222.mp4,5
walking_video223.mp4,5
walking_video224.mp4,5
walking_video225.mp4,5
walking_video226.mp4,5
walking_video228.mp4,5
walking_video227.mp4,5
walking_video230.mp4,5
walking_video229.mp4,5
walking_video231.mp4,5
walking_video233.mp4,5
walking_video232.mp4,5
walking_video234.mp4,5
walking_video235.mp4,5
walking_video237.mp4,5
walking_video236.mp4,5
walking_video238.mp4,5
walking_video240.mp4,5
walking_video239.mp4,5
walking_video241.mp4,5
walking_video242.mp4,5
walking_video243.mp4,5
walking_video244.mp4,5
walking_video245.mp4,5
walking_video247.mp4,5
walking_video248.mp4,5
walking_video246.mp4,5
walking_video250.mp4,5
walking_video249.mp4,5
walking_video251.mp4,5
walking_video253.mp4,5
walking_video252.mp4,5
walking_video255.mp4,5
walking_video254.mp4,5
walking_video256.mp4,5
walking_video257.mp4,5
walking_video258.mp4,5
walking_video260.mp4,5
walking_video261.mp4,5
walking_video259.mp4,5
walking_video262.mp4,5
walking_video263.mp4,5
walking_video264.mp4,5
walking_video265.mp4,5
walking_video266.mp4,5
walking_video268.mp4,5
walking_video267.mp4,5
walking_video269.mp4,5
walking_video270.mp4,5
walking_video272.mp4,5
walking_video271.mp4,5
walking_video273.mp4,5
walking_video274.mp4,5
walking_video275.mp4,5
walking_video276.mp4,5
walking_video277.mp4,5
walking_video278.mp4,5
walking_video279.mp4,5
walking_video280.mp4,5
walking_video282.mp4,5
walking_video281.mp4,5
walking_video283.mp4,5
walking_video284.mp4,5
walking_video285.mp4,5
walking_video287.mp4,5
walking_video286.mp4,5
walking_video288.mp4,5
walking_video289.mp4,5
walking_video290.mp4,5
walking_video292.mp4,5
walking_video291.mp4,5
walking_video293.mp4,5
walking_video294.mp4,5
walking_video295.mp4,5
walking_video296.mp4,5
walking_video298.mp4,5
walking_video297.mp4,5
walking_video300.mp4,5
walking_video299.mp4,5
walking_video301.mp4,5
walking_video302.mp4,5
walking_video306.mp4,5
walking_video305.mp4,5
walking_video303.mp4,5
walking_video304.mp4,5
walking_video307.mp4,5
walking_video309.mp4,5
walking_video308.mp4,5
walking_video311.mp4,5
walking_video312.mp4,5
walking_video310.mp4,5
walking_video316.mp4,5
walking_video313.mp4,5
walking_video315.mp4,5
walking_video314.mp4,5
walking_video318.mp4,5
walking_video317.mp4,5
walking_video321.mp4,5
walking_video319.mp4,5
walking_video320.mp4,5
walking_video322.mp4,5
walking_video323.mp4,5
walking_video324.mp4,5
walking_video326.mp4,5
walking_video325.mp4,5
walking_video329.mp4,5
walking_video327.mp4,5
walking_video328.mp4,5
walking_video330.mp4,5
walking_video334.mp4,5
walking_video331.mp4,5
walking_video333.mp4,5
walking_video332.mp4,5
walking_video337.mp4,5
walking_video336.mp4,5
walking_video335.mp4,5
walking_video339.mp4,5
walking_video340.mp4,5
walking_video338.mp4,5
walking_video344.mp4,5
walking_video343.mp4,5
walking_video341.mp4,5
walking_video342.mp4,5
walking_video347.mp4,5
walking_video346.mp4,5
walking_video345.mp4,5
walking_video350.mp4,5
walking_video351.mp4,5
walking_video349.mp4,5
walking_video348.mp4,5
walking_video356.mp4,5
walking_video354.mp4,5
walking_video353.mp4,5
walking_video355.mp4,5
walking_video352.mp4,5
walking_video357.mp4,5
walking_video359.mp4,5
walking_video358.mp4,5
walking_video360.mp4,5
walking_video362.mp4,5
walking_video361.mp4,5
walking_video364.mp4,5
walking_video363.mp4,5
walking_video365.mp4,5
walking_video368.mp4,5
walking_video367.mp4,5
walking_video369.mp4,5
walking_video370.mp4,5
walking_video366.mp4,5
walking_video373.mp4,5
walking_video372.mp4,5
walking_video371.mp4,5
walking_video375.mp4,5
walking_video377.mp4,5
walking_video376.mp4,5
walking_video374.mp4,5
walking_video380.mp4,5
walking_video378.mp4,5
walking_video381.mp4,5
walking_video379.mp4,5
walking_video384.mp4,5
walking_video383.mp4,5
walking_video382.mp4,5
walking_video387.mp4,5
walking_video388.mp4,5
walking_video386.mp4,5
walking_video385.mp4,5
walking_video391.mp4,5
walking_video393.mp4,5
walking_video392.mp4,5
walking_video389.mp4,5
walking_video390.mp4,5
walking_video396.mp4,5
walking_video397.mp4,5
walking_video395.mp4,5
walking_video394.mp4,5
walking_video399.mp4,5
walking_video400.mp4,5
walking_video398.mp4,5
walking_video401.mp4,5
walking_video402.mp4,5
walking_video403.mp4,5
walking_video404.mp4,5
walking_video405.mp4,5
walking_video406.mp4,5
walking_video408.mp4,5
walking_video407.mp4,5
walking_video409.mp4,5
walking_video410.mp4,5
walking_video412.mp4,5
walking_video411.mp4,5
walking_video413.mp4,5
walking_video414.mp4,5
walking_video415.mp4,5
walking_video416.mp4,5
walking_video417.mp4,5
walking_video418.mp4,5
walking_video420.mp4,5
walking_video419.mp4,5
walking_video423.mp4,5
walking_video422.mp4,5
walking_video421.mp4,5
walking_video424.mp4,5
walking_video425.mp4,5
walking_video426.mp4,5
walking_video428.mp4,5
walking_video427.mp4,5
walking_video429.mp4,5
walking_video430.mp4,5
walking_video431.mp4,5
walking_video432.mp4,5
walking_video433.mp4,5
walking_video434.mp4,5
walking_video435.mp4,5
walking_video436.mp4,5
walking_video437.mp4,5
walking_video438.mp4,5
walking_video439.mp4,5
walking_video440.mp4,5
walking_video441.mp4,5
walking_video442.mp4,5
walking_video443.mp4,5
walking_video444.mp4,5
walking_video445.mp4,5
walking_video448.mp4,5
walking_video446.mp4,5
walking_video447.mp4,5
walking_video449.mp4,5
walking_video450.mp4,5
walking_video451.mp4,5
walking_video452.mp4,5
walking_video453.mp4,5
walking_video454.mp4,5
walking_video455.mp4,5
walking_video457.mp4,5
walking_video456.mp4,5
walking_video458.mp4,5
walking_video459.mp4,5
walking_video460.mp4,5
walking_video461.mp4,5
walking_video462.mp4,5
walking_video463.mp4,5
walking_video464.mp4,5
walking_video466.mp4,5
walking_video465.mp4,5
walking_video467.mp4,5
walking_video468.mp4,5
walking_video469.mp4,5
walking_video470.mp4,5
walking_video471.mp4,5
walking_video472.mp4,5
walking_video473.mp4,5
walking_video474.mp4,5
walking_video475.mp4,5
walking_video476.mp4,5
walking_video477.mp4,5
walking_video478.mp4,5
walking_video479.mp4,5
walking_video480.mp4,5
walking_video481.mp4,5
walking_video482.mp4,5
walking_video483.mp4,5
walking_video485.mp4,5
walking_video484.mp4,5
walking_video486.mp4,5
walking_video487.mp4,5
walking_video489.mp4,5
walking_video488.mp4,5
walking_video490.mp4,5
walking_video492.mp4,5
walking_video491.mp4,5
walking_video494.mp4,5
walking_video493.mp4,5
walking_video495.mp4,5
walking_video496.mp4,5
walking_video497.mp4,5
walking_video498.mp4,5
walking_video500.mp4,5
walking_video499.mp4,5
walking_video501.mp4,5
walking_video502.mp4,5
walking_video503.mp4,5
walking_video504.mp4,5
walking_video505.mp4,5
walking_video506.mp4,5
walking_video507.mp4,5
walking_video508.mp4,5
walking_video509.mp4,5
walking_video510.mp4,5
walking_video511.mp4,5
walking_video512.mp4,5
walking_video513.mp4,5
walking_video514.mp4,5
walking_video515.mp4,5
walking_video517.mp4,5
walking_video516.mp4,5
walking_video521.mp4,5
walking_video518.mp4,5
walking_video519.mp4,5
walking_video520.mp4,5
walking_video523.mp4,5
walking_video524.mp4,5
walking_video522.mp4,5
walking_video529.mp4,5
walking_video528.mp4,5
walking_video525.mp4,5
walking_video526.mp4,5
walking_video527.mp4,5
walking_video530.mp4,5
walking_video531.mp4,5
walking_video534.mp4,5
walking_video533.mp4,5
walking_video535.mp4,5
walking_video532.mp4,5
walking_video537.mp4,5
walking_video538.mp4,5
walking_video536.mp4,5
walking_video541.mp4,5
walking_video540.mp4,5
walking_video539.mp4,5
walking_video543.mp4,5
walking_video544.mp4,5
walking_video542.mp4,5
walking_video546.mp4,5
walking_video545.mp4,5
walking_video547.mp4,5
walking_video548.mp4,5
walking_video550.mp4,5
walking_video549.mp4,5
walking_video551.mp4,5
walking_video555.mp4,5
walking_video553.mp4,5
walking_video552.mp4,5
walking_video554.mp4,5
walking_video556.mp4,5
walking_video558.mp4,5
walking_video557.mp4,5
walking_video561.mp4,5
walking_video559.mp4,5
walking_video560.mp4,5
walking_video562.mp4,5
walking_video564.mp4,5
walking_video565.mp4,5
walking_video563.mp4,5
walking_video567.mp4,5
walking_video568.mp4,5
walking_video566.mp4,5
walking_video570.mp4,5
walking_video571.mp4,5
walking_video569.mp4,5
walking_video572.mp4,5
walking_video574.mp4,5
walking_video575.mp4,5
walking_video573.mp4,5
walking_video576.mp4,5
walking_video580.mp4,5
walking_video577.mp4,5
walking_video579.mp4,5
walking_video578.mp4,5
walking_video583.mp4,5
walking_video584.mp4,5
walking_video581.mp4,5
walking_video582.mp4,5
walking_video586.mp4,5
walking_video587.mp4,5
walking_video585.mp4,5
walking_video588.mp4,5
walking_video591.mp4,5
walking_video589.mp4,5
walking_video592.mp4,5
walking_video590.mp4,5
walking_video595.mp4,5
walking_video594.mp4,5
walking_video596.mp4,5
walking_video593.mp4,5
walking_video600.mp4,5
walking_video598.mp4,5
walking_video599.mp4,5
walking_video597.mp4,5
walking_video601.mp4,5
walking_video602.mp4,5
walking_video604.mp4,5
walking_video603.mp4,5
walking_video605.mp4,5
walking_video606.mp4,5
walking_video608.mp4,5
walking_video607.mp4,5
walking_video610.mp4,5
walking_video611.mp4,5
walking_video609.mp4,5
walking_video612.mp4,5
walking_video616.mp4,5
walking_video614.mp4,5
walking_video615.mp4,5
walking_video613.mp4,5
walking_video619.mp4,5
walking_video618.mp4,5
walking_video620.mp4,5
walking_video617.mp4,5
walking_video621.mp4,5
walking_video625.mp4,5
walking_video624.mp4,5
walking_video622.mp4,5
walking_video623.mp4,5
walking_video627.mp4,5
walking_video629.mp4,5
walking_video626.mp4,5
walking_video628.mp4,5
walking_video631.mp4,5
walking_video632.mp4,5
walking_video633.mp4,5
walking_video630.mp4,5
walking_video634.mp4,5
walking_video635.mp4,5
walking_video636.mp4,5
walking_video637.mp4,5
walking_video640.mp4,5
walking_video638.mp4,5
walking_video639.mp4,5
walking_video643.mp4,5
walking_video642.mp4,5
walking_video644.mp4,5
walking_video641.mp4,5
walking_video649.mp4,5
walking_video645.mp4,5
walking_video650.mp4,5
walking_video647.mp4,5
walking_video646.mp4,5
walking_video648.mp4,5
walking_video654.mp4,5
walking_video653.mp4,5
walking_video651.mp4,5
walking_video652.mp4,5
walking_video656.mp4,5
walking_video655.mp4,5
walking_video657.mp4,5
walking_video658.mp4,5
walking_video661.mp4,5
walking_video659.mp4,5
walking_video660.mp4,5
walking_video662.mp4,5
walking_video663.mp4,5
walking_video664.mp4,5
sit_down_video29.mp4,2
sit_down_video31.mp4,2
sit_down_video30.mp4,2
sit_down_video33.mp4,2
sit_down_video32.mp4,2
sit_down_video34.mp4,2
sit_down_video37.mp4,2
sit_down_video35.mp4,2
sit_down_video36.mp4,2
sit_down_video41.mp4,2
sit_down_video42.mp4,2
sit_down_video39.mp4,2
sit_down_video38.mp4,2
sit_down_video40.mp4,2
sit_down_video47.mp4,2
sit_down_video45.mp4,2
sit_down_video46.mp4,2
sit_down_video43.mp4,2
sit_down_video44.mp4,2
sit_down_video49.mp4,2
sit_down_video48.mp4,2
sit_down_video50.mp4,2
sit_down_video51.mp4,2
sit_down_video52.mp4,2
sit_down_video56.mp4,2
sit_down_video57.mp4,2
sit_down_video54.mp4,2
sit_down_video53.mp4,2
sit_down_video55.mp4,2
sit_down_video61.mp4,2
sit_down_video62.mp4,2
sit_down_video60.mp4,2
sit_down_video58.mp4,2
sit_down_video59.mp4,2
sit_down_video65.mp4,2
sit_down_video64.mp4,2
sit_down_video66.mp4,2
sit_down_video67.mp4,2
sit_down_video63.mp4,2
sit_down_video70.mp4,2
sit_down_video69.mp4,2
sit_down_video71.mp4,2
sit_down_video68.mp4,2
sit_down_video76.mp4,2
sit_down_video75.mp4,2
sit_down_video72.mp4,2
sit_down_video74.mp4,2
sit_down_video73.mp4,2
sit_down_video80.mp4,2
sit_down_video81.mp4,2
sit_down_video77.mp4,2
sit_down_video79.mp4,2
sit_down_video78.mp4,2
sit_down_video83.mp4,2
sit_down_video82.mp4,2
sit_down_video84.mp4,2
sit_down_video85.mp4,2
sit_down_video89.mp4,2
sit_down_video87.mp4,2
sit_down_video88.mp4,2
sit_down_video86.mp4,2
sit_down_video90.mp4,2
sit_down_video92.mp4,2
sit_down_video91.mp4,2
sit_down_video94.mp4,2
sit_down_video93.mp4,2
sit_down_video96.mp4,2
sit_down_video95.mp4,2
sit_down_video97.mp4,2
sit_down_video98.mp4,2
sit_down_video99.mp4,2
sit_down_video100.mp4,2
sit_down_video101.mp4,2
sit_down_video102.mp4,2
sit_down_video103.mp4,2
sit_down_video105.mp4,2
sit_down_video104.mp4,2
sit_down_video106.mp4,2
sit_down_video108.mp4,2
sit_down_video107.mp4,2
sit_down_video109.mp4,2
sit_down_video110.mp4,2
sit_down_video111.mp4,2
sit_down_video112.mp4,2
sit_down_video113.mp4,2
sit_down_video115.mp4,2
sit_down_video114.mp4,2
sit_down_video116.mp4,2
sit_down_video117.mp4,2
sit_down_video119.mp4,2
sit_down_video118.mp4,2
sit_down_video120.mp4,2
sit_down_video122.mp4,2
sit_down_video121.mp4,2
sit_down_video124.mp4,2
sit_down_video123.mp4,2
sit_down_video126.mp4,2
sit_down_video125.mp4,2
sit_down_video130.mp4,2
sit_down_video129.mp4,2
sit_down_video131.mp4,2
sit_down_video128.mp4,2
sit_down_video127.mp4,2
sit_down_video132.mp4,2
sit_down_video135.mp4,2
sit_down_video136.mp4,2
sit_down_video133.mp4,2
sit_down_video134.mp4,2
sit_down_video141.mp4,2
sit_down_video140.mp4,2
sit_down_video139.mp4,2
sit_down_video138.mp4,2
sit_down_video137.mp4,2
sit_down_video145.mp4,2
sit_down_video142.mp4,2
sit_down_video144.mp4,2
sit_down_video143.mp4,2
sit_down_video147.mp4,2
sit_down_video146.mp4,2
sit_down_video148.mp4,2
sit_down_video149.mp4,2
sit_down_video150.mp4,2
sit_down_video151.mp4,2
sit_down_video152.mp4,2
sit_down_video153.mp4,2
sit_down_video155.mp4,2
sit_down_video154.mp4,2
sit_down_video156.mp4,2
sit_down_video157.mp4,2
sit_down_video158.mp4,2
sit_down_video159.mp4,2
sit_down_video160.mp4,2
sit_down_video161.mp4,2
sit_down_video162.mp4,2
sit_down_video163.mp4,2
sit_down_video164.mp4,2
sit_down_video165.mp4,2
sit_down_video167.mp4,2
sit_down_video166.mp4,2
sit_down_video169.mp4,2
sit_down_video168.mp4,2
sit_down_video170.mp4,2
sit_down_video171.mp4,2
sit_down_video172.mp4,2
sit_down_video173.mp4,2
sit_down_video174.mp4,2
sit_down_video175.mp4,2
sit_down_video176.mp4,2
sit_down_video177.mp4,2
sit_down_video178.mp4,2
sit_down_video179.mp4,2
sit_down_video180.mp4,2
sit_down_video181.mp4,2
sit_down_video182.mp4,2
sit_down_video183.mp4,2
sit_down_video184.mp4,2
sit_down_video186.mp4,2
sit_down_video185.mp4,2
sitting_video4.mp4,3
sitting_video2.mp4,3
sitting_video0.mp4,3
sitting_video5.mp4,3
sitting_video3.mp4,3
sitting_video1.mp4,3
sitting_video9.mp4,3
sitting_video6.mp4,3
sitting_video8.mp4,3
sitting_video7.mp4,3
sitting_video10.mp4,3
sitting_video11.mp4,3
sitting_video12.mp4,3
sitting_video13.mp4,3
sitting_video14.mp4,3
sitting_video16.mp4,3
sitting_video15.mp4,3
sitting_video17.mp4,3
sitting_video18.mp4,3
sitting_video19.mp4,3
sitting_video20.mp4,3
sitting_video21.mp4,3
sitting_video23.mp4,3
sitting_video22.mp4,3
sitting_video25.mp4,3
sitting_video24.mp4,3
sitting_video27.mp4,3
sitting_video26.mp4,3
sitting_video28.mp4,3
sitting_video30.mp4,3
sitting_video29.mp4,3
sitting_video32.mp4,3
sitting_video33.mp4,3
sitting_video31.mp4,3
sitting_video34.mp4,3
sitting_video35.mp4,3
sitting_video36.mp4,3
sitting_video37.mp4,3
sitting_video38.mp4,3
sitting_video39.mp4,3
sitting_video40.mp4,3
sitting_video41.mp4,3
sitting_video42.mp4,3
sitting_video43.mp4,3
sitting_video44.mp4,3
sitting_video45.mp4,3
sitting_video46.mp4,3
sitting_video48.mp4,3
sitting_video47.mp4,3
sitting_video50.mp4,3
sitting_video49.mp4,3
sitting_video54.mp4,3
sitting_video53.mp4,3
sitting_video51.mp4,3
sitting_video52.mp4,3
sitting_video55.mp4,3
sitting_video60.mp4,3
sitting_video57.mp4,3
sitting_video58.mp4,3
sitting_video61.mp4,3
sitting_video56.mp4,3
sitting_video59.mp4,3
sitting_video62.mp4,3
sitting_video63.mp4,3
sitting_video64.mp4,3
sitting_video65.mp4,3
sitting_video67.mp4,3
sitting_video66.mp4,3
sitting_video69.mp4,3
sitting_video68.mp4,3
sitting_video71.mp4,3
sitting_video70.mp4,3
sitting_video72.mp4,3
sitting_video73.mp4,3
sitting_video74.mp4,3
sitting_video75.mp4,3
sitting_video76.mp4,3
sitting_video77.mp4,3
sitting_video78.mp4,3
sitting_video79.mp4,3
sitting_video80.mp4,3
sitting_video81.mp4,3
sitting_video82.mp4,3
sitting_video83.mp4,3
sitting_video85.mp4,3
sitting_video84.mp4,3
sitting_video86.mp4,3
sitting_video87.mp4,3
sitting_video88.mp4,3
sitting_video90.mp4,3
sitting_video89.mp4,3
sitting_video92.mp4,3
sitting_video91.mp4,3
sitting_video93.mp4,3
sitting_video94.mp4,3
sitting_video95.mp4,3
sitting_video96.mp4,3
sitting_video97.mp4,3
sitting_video98.mp4,3
sitting_video99.mp4,3
sitting_video100.mp4,3
sitting_video101.mp4,3
sitting_video102.mp4,3
sitting_video103.mp4,3
sitting_video104.mp4,3
sitting_video105.mp4,3
sitting_video106.mp4,3
sitting_video107.mp4,3
sitting_video108.mp4,3
sitting_video109.mp4,3
sitting_video110.mp4,3
sitting_video112.mp4,3
sitting_video111.mp4,3
sitting_video113.mp4,3
sitting_video114.mp4,3
sitting_video115.mp4,3
sitting_video116.mp4,3
sitting_video117.mp4,3
sitting_video118.mp4,3
sitting_video119.mp4,3
sitting_video120.mp4,3
sitting_video121.mp4,3
sitting_video122.mp4,3
sitting_video123.mp4,3
sitting_video124.mp4,3
sitting_video125.mp4,3
sitting_video126.mp4,3
sitting_video127.mp4,3
sitting_video128.mp4,3
sitting_video129.mp4,3
sitting_video130.mp4,3
sitting_video131.mp4,3
sitting_video132.mp4,3
sitting_video133.mp4,3
sitting_video134.mp4,3
sitting_video135.mp4,3
sitting_video136.mp4,3
sitting_video137.mp4,3
sitting_video138.mp4,3
sitting_video139.mp4,3
sitting_video142.mp4,3
sitting_video140.mp4,3
sitting_video141.mp4,3
sitting_video143.mp4,3
sitting_video144.mp4,3
sitting_video145.mp4,3
sitting_video147.mp4,3
sitting_video146.mp4,3
sitting_video148.mp4,3
sitting_video149.mp4,3
sitting_video150.mp4,3
sitting_video152.mp4,3
sitting_video151.mp4,3
sitting_video153.mp4,3
sitting_video154.mp4,3
sitting_video155.mp4,3
sitting_video158.mp4,3
sitting_video156.mp4,3
sitting_video157.mp4,3
sitting_video159.mp4,3
sitting_video160.mp4,3
sitting_video161.mp4,3
sitting_video162.mp4,3
sitting_video163.mp4,3
sitting_video165.mp4,3
sitting_video164.mp4,3
sitting_video167.mp4,3
sitting_video166.mp4,3
sitting_video168.mp4,3
sitting_video169.mp4,3
sitting_video170.mp4,3
sitting_video171.mp4,3
sitting_video173.mp4,3
sitting_video172.mp4,3
sitting_video176.mp4,3
sitting_video175.mp4,3
sitting_video177.mp4,3
sitting_video174.mp4,3
sitting_video179.mp4,3
sitting_video178.mp4,3
sitting_video181.mp4,3
sitting_video180.mp4,3
sitting_video183.mp4,3
sitting_video182.mp4,3
sitting_video184.mp4,3
sitting_video185.mp4,3
sitting_video186.mp4,3
sitting_video190.mp4,3
sitting_video187.mp4,3
sitting_video189.mp4,3
sitting_video188.mp4,3
sitting_video191.mp4,3
sitting_video192.mp4,3
sitting_video193.mp4,3
sitting_video196.mp4,3
sitting_video194.mp4,3
sitting_video197.mp4,3
sitting_video195.mp4,3
sitting_video199.mp4,3
sitting_video198.mp4,3
sitting_video200.mp4,3
sitting_video201.mp4,3
sitting_video203.mp4,3
sitting_video202.mp4,3
sitting_video208.mp4,3
sitting_video207.mp4,3
sitting_video206.mp4,3
sitting_video204.mp4,3
sitting_video205.mp4,3
sitting_video211.mp4,3
sitting_video210.mp4,3
sitting_video209.mp4,3
sitting_video213.mp4,3
sitting_video216.mp4,3
sitting_video215.mp4,3
sitting_video214.mp4,3
sitting_video212.mp4,3
sitting_video217.mp4,3
sitting_video219.mp4,3
sitting_video220.mp4,3
sitting_video218.mp4,3
sitting_video222.mp4,3
sitting_video223.mp4,3
sitting_video221.mp4,3
sitting_video228.mp4,3
sitting_video225.mp4,3
sitting_video227.mp4,3
sitting_video226.mp4,3
sitting_video224.mp4,3
sitting_video230.mp4,3
sitting_video232.mp4,3
sitting_video231.mp4,3
sitting_video229.mp4,3
sitting_video236.mp4,3
sitting_video235.mp4,3
sitting_video233.mp4,3
sitting_video234.mp4,3
sitting_video238.mp4,3
sitting_video240.mp4,3
sitting_video239.mp4,3
sitting_video237.mp4,3
sitting_video241.mp4,3
sitting_video242.mp4,3
sitting_video244.mp4,3
sitting_video243.mp4,3
sitting_video246.mp4,3
sitting_video248.mp4,3
sitting_video245.mp4,3
sitting_video247.mp4,3
sitting_video252.mp4,3
sitting_video253.mp4,3
sitting_video249.mp4,3
sitting_video251.mp4,3
sitting_video250.mp4,3
sitting_video255.mp4,3
sitting_video257.mp4,3
sitting_video254.mp4,3
sitting_video256.mp4,3
sitting_video262.mp4,3
sitting_video259.mp4,3
sitting_video261.mp4,3
sitting_video258.mp4,3
sitting_video260.mp4,3
sitting_video267.mp4,3
sitting_video266.mp4,3
sitting_video264.mp4,3
sitting_video263.mp4,3
sitting_video265.mp4,3
sitting_video269.mp4,3
sitting_video271.mp4,3
sitting_video268.mp4,3
sitting_video270.mp4,3
sitting_video274.mp4,3
sitting_video273.mp4,3
sitting_video276.mp4,3
sitting_video275.mp4,3
sitting_video272.mp4,3
sitting_video277.mp4,3
sitting_video280.mp4,3
sitting_video281.mp4,3
sitting_video278.mp4,3
sitting_video279.mp4,3
sitting_video283.mp4,3
sitting_video285.mp4,3
sitting_video284.mp4,3
sitting_video286.mp4,3
sitting_video282.mp4,3
sitting_video287.mp4,3
sitting_video288.mp4,3
sitting_video291.mp4,3
sitting_video292.mp4,3
sitting_video289.mp4,3
sitting_video290.mp4,3
sitting_video296.mp4,3
sitting_video294.mp4,3
sitting_video293.mp4,3
sitting_video297.mp4,3
sitting_video295.mp4,3
sitting_video300.mp4,3
sitting_video298.mp4,3
sitting_video299.mp4,3
sitting_video301.mp4,3
sitting_video302.mp4,3
sitting_video306.mp4,3
sitting_video305.mp4,3
sitting_video303.mp4,3
sitting_video304.mp4,3
sitting_video311.mp4,3
sitting_video310.mp4,3
sitting_video308.mp4,3
sitting_video309.mp4,3
sitting_video307.mp4,3
sitting_video314.mp4,3
sitting_video313.mp4,3
sitting_video312.mp4,3
stand_up_video3.mp4,4
stand_up_video0.mp4,4
stand_up_video2.mp4,4
stand_up_video1.mp4,4
stand_up_video4.mp4,4
stand_up_video6.mp4,4
stand_up_video5.mp4,4
stand_up_video7.mp4,4
stand_up_video8.mp4,4
stand_up_video10.mp4,4
stand_up_video9.mp4,4
stand_up_video12.mp4,4
stand_up_video11.mp4,4
stand_up_video13.mp4,4
stand_up_video14.mp4,4
stand_up_video15.mp4,4
stand_up_video16.mp4,4
stand_up_video17.mp4,4
stand_up_video19.mp4,4
stand_up_video18.mp4,4
stand_up_video20.mp4,4
stand_up_video22.mp4,4
stand_up_video21.mp4,4
stand_up_video23.mp4,4
stand_up_video24.mp4,4
stand_up_video29.mp4,4
stand_up_video28.mp4,4
stand_up_video25.mp4,4
stand_up_video26.mp4,4
stand_up_video27.mp4,4
stand_up_video34.mp4,4
stand_up_video35.mp4,4
stand_up_video30.mp4,4
stand_up_video33.mp4,4
stand_up_video31.mp4,4
stand_up_video32.mp4,4
stand_up_video37.mp4,4
stand_up_video38.mp4,4
stand_up_video40.mp4,4
stand_up_video36.mp4,4
stand_up_video41.mp4,4
stand_up_video39.mp4,4
stand_up_video42.mp4,4
stand_up_video43.mp4,4
stand_up_video46.mp4,4
stand_up_video45.mp4,4
stand_up_video44.mp4,4
stand_up_video47.mp4,4
stand_up_video48.mp4,4
stand_up_video49.mp4,4
stand_up_video50.mp4,4
stand_up_video51.mp4,4
stand_up_video53.mp4,4
stand_up_video52.mp4,4
stand_up_video54.mp4,4
stand_up_video55.mp4,4
stand_up_video56.mp4,4
stand_up_video57.mp4,4
stand_up_video58.mp4,4
stand_up_video59.mp4,4
stand_up_video61.mp4,4
stand_up_video60.mp4,4
stand_up_video62.mp4,4
stand_up_video63.mp4,4
stand_up_video64.mp4,4
stand_up_video65.mp4,4
stand_up_video66.mp4,4
stand_up_video67.mp4,4
stand_up_video69.mp4,4
stand_up_video70.mp4,4
stand_up_video68.mp4,4
stand_up_video71.mp4,4
stand_up_video73.mp4,4
stand_up_video72.mp4,4
stand_up_video75.mp4,4
stand_up_video74.mp4,4
stand_up_video76.mp4,4
stand_up_video77.mp4,4
stand_up_video78.mp4,4
stand_up_video79.mp4,4
stand_up_video80.mp4,4
stand_up_video82.mp4,4
stand_up_video81.mp4,4
stand_up_video85.mp4,4
stand_up_video84.mp4,4
stand_up_video83.mp4,4
stand_up_video86.mp4,4
stand_up_video87.mp4,4
stand_up_video89.mp4,4
stand_up_video88.mp4,4
stand_up_video91.mp4,4
stand_up_video90.mp4,4
stand_up_video92.mp4,4
stand_up_video94.mp4,4
stand_up_video93.mp4,4
stand_up_video96.mp4,4
stand_up_video95.mp4,4
stand_up_video97.mp4,4
stand_up_video98.mp4,4
stand_up_video99.mp4,4
stand_up_video100.mp4,4
stand_up_video102.mp4,4
stand_up_video101.mp4,4
stand_up_video103.mp4,4
stand_up_video105.mp4,4
stand_up_video104.mp4,4
stand_up_video107.mp4,4
stand_up_video106.mp4,4
stand_up_video108.mp4,4
stand_up_video111.mp4,4
stand_up_video110.mp4,4
stand_up_video109.mp4,4
stand_up_video114.mp4,4
stand_up_video113.mp4,4
stand_up_video112.mp4,4
stand_up_video115.mp4,4
stand_up_video116.mp4,4
stand_up_video117.mp4,4
stand_up_video118.mp4,4
stand_up_video120.mp4,4
stand_up_video119.mp4,4
stand_up_video121.mp4,4
stand_up_video123.mp4,4
stand_up_video122.mp4,4
stand_up_video124.mp4,4
stand_up_video125.mp4,4
stand_up_video126.mp4,4
stand_up_video127.mp4,4
stand_up_video128.mp4,4
stand_up_video130.mp4,4
stand_up_video129.mp4,4
stand_up_video131.mp4,4
stand_up_video133.mp4,4
stand_up_video135.mp4,4
stand_up_video136.mp4,4
stand_up_video137.mp4,4
stand_up_video134.mp4,4
stand_up_video132.mp4,4
stand_up_video142.mp4,4
stand_up_video140.mp4,4
stand_up_video138.mp4,4
stand_up_video139.mp4,4
stand_up_video141.mp4,4
stand_up_video143.mp4,4
stand_up_video145.mp4,4
stand_up_video149.mp4,4
stand_up_video144.mp4,4
stand_up_video146.mp4,4
stand_up_video147.mp4,4
stand_up_video148.mp4,4
stand_up_video152.mp4,4
stand_up_video154.mp4,4
stand_up_video150.mp4,4
stand_up_video153.mp4,4
stand_up_video151.mp4,4
stand_up_video155.mp4,4
stand_up_video157.mp4,4
stand_up_video160.mp4,4
stand_up_video156.mp4,4
stand_up_video159.mp4,4
stand_up_video158.mp4,4
stand_up_video163.mp4,4
stand_up_video165.mp4,4
stand_up_video162.mp4,4
stand_up_video164.mp4,4
stand_up_video161.mp4,4
stand_up_video166.mp4,4
stand_up_video169.mp4,4
stand_up_video171.mp4,4
stand_up_video170.mp4,4
stand_up_video167.mp4,4
stand_up_video168.mp4,4
stand_up_video174.mp4,4
stand_up_video176.mp4,4
stand_up_video175.mp4,4
stand_up_video173.mp4,4
stand_up_video172.mp4,4
stand_up_video181.mp4,4
stand_up_video179.mp4,4
stand_up_video182.mp4,4
stand_up_video180.mp4,4
stand_up_video183.mp4,4
stand_up_video177.mp4,4
stand_up_video178.mp4,4
stand_up_video186.mp4,4
stand_up_video185.mp4,4
stand_up_video187.mp4,4
stand_up_video184.mp4,4
stand_up_video189.mp4,4
stand_up_video191.mp4,4
stand_up_video192.mp4,4
stand_up_video190.mp4,4
stand_up_video188.mp4,4
stand_up_video197.mp4,4
stand_up_video193.mp4,4
stand_up_video196.mp4,4
stand_up_video194.mp4,4
stand_up_video195.mp4,4
stand_up_video201.mp4,4
stand_up_video199.mp4,4
stand_up_video200.mp4,4
stand_up_video202.mp4,4
stand_up_video198.mp4,4
stand_up_video205.mp4,4
stand_up_video203.mp4,4
stand_up_video206.mp4,4
stand_up_video204.mp4,4
stand_up_video210.mp4,4
stand_up_video208.mp4,4
stand_up_video209.mp4,4
stand_up_video207.mp4,4
stand_up_video216.mp4,4
stand_up_video214.mp4,4
stand_up_video211.mp4,4
stand_up_video213.mp4,4
stand_up_video212.mp4,4
stand_up_video215.mp4,4
stand_up_video217.mp4,4
stand_up_video218.mp4,4
stand_up_video220.mp4,4
stand_up_video221.mp4,4
stand_up_video219.mp4,4
stand_up_video226.mp4,4
stand_up_video224.mp4,4
stand_up_video222.mp4,4
stand_up_video223.mp4,4
stand_up_video225.mp4,4
stand_up_video229.mp4,4
stand_up_video230.mp4,4
stand_up_video232.mp4,4
stand_up_video227.mp4,4
stand_up_video228.mp4,4
stand_up_video231.mp4,4
stand_up_video238.mp4,4
stand_up_video236.mp4,4
stand_up_video233.mp4,4
stand_up_video234.mp4,4
stand_up_video237.mp4,4
stand_up_video235.mp4,4
stand_up_video241.mp4,4
stand_up_video239.mp4,4
stand_up_video242.mp4,4
stand_up_video240.mp4,4
stand_up_video243.mp4,4
stand_up_video247.mp4,4
stand_up_video248.mp4,4
stand_up_video246.mp4,4
stand_up_video249.mp4,4
stand_up_video245.mp4,4
stand_up_video244.mp4,4
stand_up_video250.mp4,4
stand_up_video253.mp4,4
stand_up_video252.mp4,4
stand_up_video254.mp4,4
stand_up_video251.mp4,4
stand_up_video260.mp4,4
stand_up_video258.mp4,4
stand_up_video255.mp4,4
stand_up_video259.mp4,4
stand_up_video256.mp4,4
stand_up_video257.mp4,4
stand_up_video262.mp4,4
stand_up_video261.mp4,4
stand_up_video264.mp4,4
stand_up_video266.mp4,4
stand_up_video265.mp4,4
stand_up_video263.mp4,4
stand_up_video269.mp4,4
stand_up_video268.mp4,4
stand_up_video267.mp4,4
stand_up_video270.mp4,4
stand_up_video271.mp4,4
stand_up_video272.mp4,4
stand_up_video273.mp4,4
stand_up_video274.mp4,4
stand_up_video276.mp4,4
stand_up_video275.mp4,4
stand_up_video280.mp4,4
stand_up_video278.mp4,4
stand_up_video277.mp4,4
stand_up_video279.mp4,4
stand_up_video281.mp4,4
stand_up_video283.mp4,4
stand_up_video282.mp4,4
stand_up_video285.mp4,4
stand_up_video284.mp4,4
stand_up_video286.mp4,4
stand_up_video287.mp4,4
stand_up_video289.mp4,4
stand_up_video288.mp4,4
stand_up_video290.mp4,4
stand_up_video291.mp4,4
stand_up_video293.mp4,4
stand_up_video292.mp4,4
stand_up_video294.mp4,4
stand_up_video295.mp4,4
fall_down_video1.mp4,0
fall_down_video0.mp4,0
fall_down_video2.mp4,0
fall_down_video3.mp4,0
fall_down_video4.mp4,0
fall_down_video5.mp4,0
fall_down_video6.mp4,0
fall_down_video7.mp4,0
fall_down_video8.mp4,0
fall_down_video10.mp4,0
fall_down_video9.mp4,0
fall_down_video13.mp4,0
fall_down_video14.mp4,0
fall_down_video11.mp4,0
fall_down_video12.mp4,0
fall_down_video17.mp4,0
fall_down_video16.mp4,0
fall_down_video15.mp4,0
fall_down_video18.mp4,0
fall_down_video19.mp4,0
fall_down_video20.mp4,0
fall_down_video21.mp4,0
fall_down_video23.mp4,0
fall_down_video22.mp4,0
fall_down_video25.mp4,0
fall_down_video24.mp4,0
fall_down_video27.mp4,0
fall_down_video26.mp4,0
fall_down_video28.mp4,0
fall_down_video30.mp4,0
fall_down_video29.mp4,0
fall_down_video32.mp4,0
fall_down_video31.mp4,0
fall_down_video37.mp4,0
fall_down_video33.mp4,0
fall_down_video34.mp4,0
fall_down_video36.mp4,0
fall_down_video35.mp4,0
fall_down_video38.mp4,0
fall_down_video40.mp4,0
fall_down_video39.mp4,0
fall_down_video41.mp4,0
fall_down_video42.mp4,0
fall_down_video44.mp4,0
fall_down_video43.mp4,0
fall_down_video46.mp4,0
fall_down_video45.mp4,0
fall_down_video48.mp4,0
fall_down_video47.mp4,0
fall_down_video49.mp4,0
fall_down_video50.mp4,0
fall_down_video51.mp4,0
fall_down_video53.mp4,0
fall_down_video52.mp4,0
fall_down_video55.mp4,0
fall_down_video54.mp4,0
fall_down_video57.mp4,0
fall_down_video56.mp4,0
fall_down_video61.mp4,0
fall_down_video58.mp4,0
fall_down_video60.mp4,0
fall_down_video59.mp4,0
fall_down_video62.mp4,0
fall_down_video63.mp4,0
fall_down_video64.mp4,0
fall_down_video65.mp4,0
fall_down_video66.mp4,0
fall_down_video67.mp4,0
fall_down_video68.mp4,0
fall_down_video69.mp4,0
fall_down_video71.mp4,0
fall_down_video70.mp4,0
fall_down_video72.mp4,0
fall_down_video73.mp4,0
fall_down_video74.mp4,0
fall_down_video75.mp4,0
fall_down_video77.mp4,0
fall_down_video76.mp4,0
fall_down_video78.mp4,0
fall_down_video81.mp4,0
fall_down_video79.mp4,0
fall_down_video80.mp4,0
fall_down_video85.mp4,0
fall_down_video84.mp4,0
fall_down_video82.mp4,0
fall_down_video83.mp4,0
fall_down_video86.mp4,0
fall_down_video87.mp4,0
fall_down_video89.mp4,0
fall_down_video88.mp4,0
fall_down_video91.mp4,0
fall_down_video90.mp4,0
fall_down_video92.mp4,0
fall_down_video93.mp4,0
fall_down_video94.mp4,0
fall_down_video96.mp4,0
fall_down_video95.mp4,0
fall_down_video98.mp4,0
fall_down_video97.mp4,0
fall_down_video99.mp4,0
fall_down_video102.mp4,0
fall_down_video101.mp4,0
fall_down_video100.mp4,0
fall_down_video103.mp4,0
fall_down_video104.mp4,0
fall_down_video105.mp4,0
fall_down_video107.mp4,0
fall_down_video108.mp4,0
fall_down_video106.mp4,0
fall_down_video109.mp4,0
fall_down_video110.mp4,0
fall_down_video111.mp4,0
fall_down_video112.mp4,0
fall_down_video113.mp4,0
fall_down_video115.mp4,0
fall_down_video114.mp4,0
fall_down_video117.mp4,0
fall_down_video116.mp4,0
fall_down_video118.mp4,0
fall_down_video119.mp4,0
fall_down_video121.mp4,0
fall_down_video120.mp4,0
fall_down_video122.mp4,0
fall_down_video123.mp4,0
fall_down_video125.mp4,0
fall_down_video124.mp4,0
fall_down_video126.mp4,0
fall_down_video127.mp4,0
fall_down_video128.mp4,0
fall_down_video129.mp4,0
fall_down_video130.mp4,0
fall_down_video131.mp4,0
fall_down_video133.mp4,0
fall_down_video132.mp4,0
fall_down_video134.mp4,0
fall_down_video135.mp4,0
fall_down_video136.mp4,0
fall_down_video137.mp4,0
fall_down_video138.mp4,0
fall_down_video139.mp4,0
fall_down_video140.mp4,0
fall_down_video141.mp4,0
fall_down_video144.mp4,0
fall_down_video143.mp4,0
fall_down_video142.mp4,0
fall_down_video146.mp4,0
fall_down_video145.mp4,0
fall_down_video149.mp4,0
fall_down_video147.mp4,0
fall_down_video148.mp4,0
fall_down_video151.mp4,0
fall_down_video150.mp4,0
fall_down_video152.mp4,0
fall_down_video153.mp4,0
fall_down_video154.mp4,0
fall_down_video160.mp4,0
fall_down_video157.mp4,0
fall_down_video155.mp4,0
fall_down_video159.mp4,0
fall_down_video158.mp4,0
fall_down_video156.mp4,0
fall_down_video161.mp4,0
fall_down_video163.mp4,0
fall_down_video162.mp4,0
fall_down_video166.mp4,0
fall_down_video165.mp4,0
fall_down_video164.mp4,0
fall_down_video168.mp4,0
fall_down_video169.mp4,0
fall_down_video167.mp4,0
fall_down_video171.mp4,0
fall_down_video172.mp4,0
fall_down_video170.mp4,0
fall_down_video173.mp4,0
fall_down_video176.mp4,0
fall_down_video178.mp4,0
fall_down_video174.mp4,0
fall_down_video175.mp4,0
fall_down_video177.mp4,0
fall_down_video184.mp4,0
fall_down_video183.mp4,0
fall_down_video179.mp4,0
fall_down_video181.mp4,0
fall_down_video182.mp4,0
fall_down_video180.mp4,0
fall_down_video186.mp4,0
fall_down_video185.mp4,0
fall_down_video188.mp4,0
fall_down_video187.mp4,0
fall_down_video189.mp4,0
fall_down_video190.mp4,0
fall_down_video192.mp4,0
fall_down_video191.mp4,0
fall_down_video193.mp4,0
fall_down_video196.mp4,0
fall_down_video195.mp4,0
fall_down_video194.mp4,0
fall_down_video198.mp4,0
fall_down_video197.mp4,0
fall_down_video200.mp4,0
fall_down_video199.mp4,0
fall_down_video201.mp4,0
fall_down_video202.mp4,0
fall_down_video203.mp4,0
fall_down_video204.mp4,0
fall_down_video205.mp4,0
fall_down_video206.mp4,0
fall_down_video208.mp4,0
fall_down_video207.mp4,0
fall_down_video209.mp4,0
fall_down_video210.mp4,0
fall_down_video211.mp4,0
fall_down_video212.mp4,0
fall_down_video213.mp4,0
fall_down_video214.mp4,0
fall_down_video215.mp4,0
fall_down_video217.mp4,0
fall_down_video219.mp4,0
fall_down_video218.mp4,0
fall_down_video216.mp4,0
fall_down_video221.mp4,0
fall_down_video220.mp4,0
fall_down_video222.mp4,0
fall_down_video223.mp4,0
fall_down_video225.mp4,0
fall_down_video224.mp4,0
fall_down_video228.mp4,0
fall_down_video226.mp4,0
fall_down_video229.mp4,0
fall_down_video227.mp4,0
fall_down_video231.mp4,0
fall_down_video232.mp4,0
fall_down_video234.mp4,0
fall_down_video233.mp4,0
fall_down_video230.mp4,0
fall_down_video236.mp4,0
fall_down_video237.mp4,0
fall_down_video235.mp4,0
fall_down_video239.mp4,0
fall_down_video238.mp4,0
fall_down_video240.mp4,0
fall_down_video243.mp4,0
fall_down_video242.mp4,0
fall_down_video245.mp4,0
fall_down_video244.mp4,0
fall_down_video241.mp4,0
fall_down_video250.mp4,0
fall_down_video248.mp4,0
fall_down_video247.mp4,0
fall_down_video249.mp4,0
fall_down_video246.mp4,0
fall_down_video251.mp4,0
fall_down_video254.mp4,0
fall_down_video255.mp4,0
fall_down_video252.mp4,0
fall_down_video253.mp4,0
fall_down_video256.mp4,0
fall_down_video258.mp4,0
fall_down_video260.mp4,0
fall_down_video257.mp4,0
fall_down_video259.mp4,0
fall_down_video262.mp4,0
fall_down_video265.mp4,0
fall_down_video264.mp4,0
fall_down_video261.mp4,0
fall_down_video263.mp4,0
fall_down_video268.mp4,0
fall_down_video266.mp4,0
fall_down_video267.mp4,0
fall_down_video270.mp4,0
fall_down_video269.mp4,0
fall_down_video271.mp4,0
fall_down_video273.mp4,0
fall_down_video272.mp4,0
fall_down_video275.mp4,0
fall_down_video274.mp4,0
fall_down_video276.mp4,0
fall_down_video277.mp4,0
fall_down_video278.mp4,0
fall_down_video279.mp4,0
fall_down_video280.mp4,0
fall_down_video281.mp4,0
fall_down_video282.mp4,0
fall_down_video283.mp4,0
fall_down_video287.mp4,0
fall_down_video284.mp4,0
fall_down_video285.mp4,0
fall_down_video288.mp4,0
fall_down_video286.mp4,0
fall_down_video291.mp4,0
fall_down_video290.mp4,0
fall_down_video289.mp4,0
fall_down_video292.mp4,0
fall_down_video293.mp4,0
fall_down_video296.mp4,0
fall_down_video295.mp4,0
fall_down_video294.mp4,0
fall_down_video297.mp4,0
fall_down_video300.mp4,0
fall_down_video298.mp4,0
fall_down_video299.mp4,0
fall_down_video302.mp4,0
fall_down_video301.mp4,0
fall_down_video304.mp4,0
fall_down_video306.mp4,0
fall_down_video303.mp4,0
fall_down_video305.mp4,0
fall_down_video307.mp4,0
fall_down_video310.mp4,0
fall_down_video309.mp4,0
fall_down_video311.mp4,0
fall_down_video308.mp4,0
fall_down_video312.mp4,0
fall_down_video314.mp4,0
fall_down_video318.mp4,0
fall_down_video316.mp4,0
fall_down_video317.mp4,0
fall_down_video315.mp4,0
fall_down_video313.mp4,0
fall_down_video323.mp4,0
fall_down_video322.mp4,0
fall_down_video319.mp4,0
fall_down_video320.mp4,0
fall_down_video321.mp4,0
fall_down_video326.mp4,0
fall_down_video325.mp4,0
fall_down_video328.mp4,0
fall_down_video324.mp4,0
fall_down_video327.mp4,0
fall_down_video329.mp4,0
fall_down_video332.mp4,0
fall_down_video330.mp4,0
fall_down_video333.mp4,0
fall_down_video331.mp4,0
fall_down_video334.mp4,0
fall_down_video336.mp4,0
fall_down_video337.mp4,0
fall_down_video339.mp4,0
fall_down_video338.mp4,0
fall_down_video335.mp4,0
fall_down_video343.mp4,0
fall_down_video341.mp4,0
fall_down_video344.mp4,0
fall_down_video342.mp4,0
fall_down_video340.mp4,0
fall_down_video348.mp4,0
fall_down_video346.mp4,0
fall_down_video347.mp4,0
fall_down_video345.mp4,0
fall_down_video349.mp4,0
fall_down_video352.mp4,0
fall_down_video350.mp4,0
fall_down_video354.mp4,0
fall_down_video351.mp4,0
fall_down_video353.mp4,0
fall_down_video355.mp4,0
fall_down_video358.mp4,0
fall_down_video357.mp4,0
fall_down_video359.mp4,0
fall_down_video356.mp4,0
fall_down_video360.mp4,0
fall_down_video363.mp4,0
fall_down_video364.mp4,0
fall_down_video365.mp4,0
fall_down_video362.mp4,0
fall_down_video361.mp4,0
fall_down_video367.mp4,0
fall_down_video369.mp4,0
fall_down_video366.mp4,0
fall_down_video368.mp4,0
fall_down_video370.mp4,0
fall_down_video372.mp4,0
fall_down_video375.mp4,0
fall_down_video371.mp4,0
fall_down_video376.mp4,0
fall_down_video374.mp4,0
fall_down_video373.mp4,0
fall_down_video377.mp4,0
fall_down_video379.mp4,0
fall_down_video378.mp4,0
fall_down_video380.mp4,0
fall_down_video383.mp4,0
fall_down_video384.mp4,0
fall_down_video385.mp4,0
fall_down_video381.mp4,0
fall_down_video382.mp4,0
fall_down_video390.mp4,0
fall_down_video387.mp4,0
fall_down_video389.mp4,0
fall_down_video388.mp4,0
fall_down_video386.mp4,0
fall_down_video394.mp4,0
fall_down_video393.mp4,0
fall_down_video395.mp4,0
fall_down_video392.mp4,0
fall_down_video391.mp4,0
fall_down_video397.mp4,0
fall_down_video399.mp4,0
fall_down_video400.mp4,0
fall_down_video398.mp4,0
fall_down_video396.mp4,0
fall_down_video404.mp4,0
fall_down_video403.mp4,0
fall_down_video401.mp4,0
fall_down_video405.mp4,0
fall_down_video402.mp4,0
fall_down_video411.mp4,0
fall_down_video406.mp4,0
fall_down_video408.mp4,0
fall_down_video407.mp4,0
fall_down_video409.mp4,0
fall_down_video410.mp4,0
fall_down_video414.mp4,0
fall_down_video412.mp4,0
fall_down_video413.mp4,0
lying_down_video0.mp4,1
lying_down_video2.mp4,1
lying_down_video1.mp4,1
lying_down_video3.mp4,1
lying_down_video4.mp4,1
lying_down_video5.mp4,1
lying_down_video6.mp4,1
lying_down_video7.mp4,1
lying_down_video8.mp4,1
lying_down_video9.mp4,1
lying_down_video11.mp4,1
lying_down_video10.mp4,1
lying_down_video12.mp4,1
lying_down_video13.mp4,1
lying_down_video14.mp4,1
lying_down_video15.mp4,1
lying_down_video16.mp4,1
lying_down_video18.mp4,1
lying_down_video17.mp4,1
lying_down_video19.mp4,1
lying_down_video20.mp4,1
lying_down_video21.mp4,1
lying_down_video23.mp4,1
lying_down_video22.mp4,1
lying_down_video24.mp4,1
lying_down_video27.mp4,1
lying_down_video26.mp4,1
lying_down_video25.mp4,1
lying_down_video28.mp4,1
lying_down_video29.mp4,1
lying_down_video32.mp4,1
lying_down_video31.mp4,1
lying_down_video30.mp4,1
lying_down_video34.mp4,1
lying_down_video33.mp4,1
lying_down_video36.mp4,1
lying_down_video35.mp4,1
lying_down_video39.mp4,1
lying_down_video37.mp4,1
lying_down_video40.mp4,1
lying_down_video38.mp4,1
lying_down_video41.mp4,1
lying_down_video42.mp4,1
lying_down_video44.mp4,1
lying_down_video43.mp4,1
lying_down_video45.mp4,1
lying_down_video46.mp4,1
lying_down_video48.mp4,1
lying_down_video47.mp4,1
lying_down_video51.mp4,1
lying_down_video50.mp4,1
lying_down_video49.mp4,1
lying_down_video53.mp4,1
lying_down_video52.mp4,1
lying_down_video57.mp4,1
lying_down_video56.mp4,1
lying_down_video54.mp4,1
lying_down_video55.mp4,1
lying_down_video59.mp4,1
lying_down_video58.mp4,1
lying_down_video62.mp4,1
lying_down_video63.mp4,1
lying_down_video61.mp4,1
lying_down_video60.mp4,1
lying_down_video64.mp4,1
lying_down_video65.mp4,1
lying_down_video66.mp4,1
lying_down_video67.mp4,1
lying_down_video68.mp4,1
lying_down_video69.mp4,1
lying_down_video70.mp4,1
lying_down_video72.mp4,1
lying_down_video71.mp4,1
lying_down_video74.mp4,1
lying_down_video75.mp4,1
lying_down_video73.mp4,1
lying_down_video76.mp4,1
lying_down_video81.mp4,1
lying_down_video78.mp4,1
lying_down_video82.mp4,1
lying_down_video79.mp4,1
lying_down_video77.mp4,1
lying_down_video80.mp4,1
lying_down_video83.mp4,1
lying_down_video85.mp4,1
lying_down_video84.mp4,1
lying_down_video89.mp4,1
lying_down_video88.mp4,1
lying_down_video87.mp4,1
lying_down_video86.mp4,1
lying_down_video90.mp4,1
lying_down_video91.mp4,1
lying_down_video93.mp4,1
lying_down_video92.mp4,1
lying_down_video94.mp4,1
lying_down_video95.mp4,1
lying_down_video96.mp4,1
lying_down_video98.mp4,1
lying_down_video97.mp4,1
lying_down_video100.mp4,1
lying_down_video99.mp4,1
lying_down_video101.mp4,1
lying_down_video102.mp4,1
lying_down_video103.mp4,1
lying_down_video106.mp4,1
lying_down_video105.mp4,1
lying_down_video104.mp4,1
lying_down_video109.mp4,1
lying_down_video110.mp4,1
lying_down_video111.mp4,1
lying_down_video107.mp4,1
lying_down_video108.mp4,1
lying_down_video113.mp4,1
lying_down_video116.mp4,1
lying_down_video114.mp4,1
lying_down_video115.mp4,1
lying_down_video118.mp4,1
lying_down_video117.mp4,1
lying_down_video112.mp4,1
lying_down_video120.mp4,1
lying_down_video119.mp4,1
lying_down_video121.mp4,1
lying_down_video122.mp4,1
lying_down_video124.mp4,1
lying_down_video123.mp4,1
lying_down_video125.mp4,1
lying_down_video126.mp4,1
lying_down_video127.mp4,1
lying_down_video128.mp4,1
lying_down_video129.mp4,1
lying_down_video133.mp4,1
lying_down_video132.mp4,1
lying_down_video130.mp4,1
lying_down_video131.mp4,1
lying_down_video135.mp4,1
lying_down_video137.mp4,1
lying_down_video134.mp4,1
lying_down_video136.mp4,1
lying_down_video139.mp4,1
lying_down_video138.mp4,1
lying_down_video140.mp4,1
lying_down_video142.mp4,1
lying_down_video141.mp4,1
lying_down_video144.mp4,1
lying_down_video143.mp4,1
lying_down_video145.mp4,1
lying_down_video146.mp4,1
lying_down_video147.mp4,1
lying_down_video149.mp4,1
lying_down_video148.mp4,1
lying_down_video151.mp4,1
lying_down_video150.mp4,1
lying_down_video153.mp4,1
lying_down_video152.mp4,1
lying_down_video155.mp4,1
lying_down_video154.mp4,1
lying_down_video157.mp4,1
lying_down_video156.mp4,1
lying_down_video158.mp4,1
lying_down_video159.mp4,1
lying_down_video161.mp4,1
lying_down_video160.mp4,1
lying_down_video163.mp4,1
lying_down_video162.mp4,1
lying_down_video164.mp4,1
lying_down_video166.mp4,1
lying_down_video165.mp4,1
lying_down_video168.mp4,1
lying_down_video167.mp4,1
lying_down_video170.mp4,1
lying_down_video169.mp4,1
lying_down_video171.mp4,1
lying_down_video172.mp4,1
lying_down_video173.mp4,1
lying_down_video176.mp4,1
lying_down_video174.mp4,1
lying_down_video175.mp4,1
lying_down_video178.mp4,1
lying_down_video177.mp4,1
lying_down_video179.mp4,1
lying_down_video181.mp4,1
lying_down_video180.mp4,1
lying_down_video182.mp4,1
lying_down_video183.mp4,1
lying_down_video185.mp4,1
lying_down_video184.mp4,1
lying_down_video186.mp4,1
lying_down_video187.mp4,1
lying_down_video189.mp4,1
lying_down_video188.mp4,1
lying_down_video190.mp4,1
lying_down_video191.mp4,1
lying_down_video193.mp4,1
lying_down_video192.mp4,1
lying_down_video195.mp4,1
lying_down_video194.mp4,1
lying_down_video198.mp4,1
lying_down_video197.mp4,1
lying_down_video196.mp4,1
lying_down_video202.mp4,1
lying_down_video201.mp4,1
lying_down_video199.mp4,1
lying_down_video200.mp4,1
lying_down_video203.mp4,1
lying_down_video206.mp4,1
lying_down_video204.mp4,1
lying_down_video205.mp4,1
lying_down_video207.mp4,1
lying_down_video208.mp4,1
lying_down_video209.mp4,1
lying_down_video210.mp4,1
lying_down_video211.mp4,1
lying_down_video212.mp4,1
lying_down_video214.mp4,1
lying_down_video213.mp4,1
lying_down_video217.mp4,1
lying_down_video216.mp4,1
lying_down_video215.mp4,1
lying_down_video218.mp4,1
lying_down_video221.mp4,1
lying_down_video220.mp4,1
lying_down_video219.mp4,1
lying_down_video222.mp4,1
lying_down_video223.mp4,1
lying_down_video224.mp4,1
lying_down_video225.mp4,1
lying_down_video226.mp4,1
lying_down_video227.mp4,1
lying_down_video228.mp4,1
lying_down_video229.mp4,1
lying_down_video230.mp4,1
lying_down_video231.mp4,1
lying_down_video232.mp4,1
lying_down_video233.mp4,1
lying_down_video234.mp4,1
lying_down_video235.mp4,1
lying_down_video236.mp4,1
lying_down_video237.mp4,1
lying_down_video239.mp4,1
lying_down_video238.mp4,1
lying_down_video240.mp4,1
lying_down_video241.mp4,1
lying_down_video242.mp4,1
lying_down_video243.mp4,1
lying_down_video245.mp4,1
lying_down_video247.mp4,1
lying_down_video244.mp4,1
lying_down_video246.mp4,1
lying_down_video251.mp4,1
lying_down_video249.mp4,1
lying_down_video250.mp4,1
lying_down_video248.mp4,1
lying_down_video254.mp4,1
lying_down_video253.mp4,1
lying_down_video252.mp4,1
lying_down_video255.mp4,1
lying_down_video258.mp4,1
lying_down_video256.mp4,1
lying_down_video257.mp4,1
lying_down_video260.mp4,1
lying_down_video259.mp4,1
lying_down_video262.mp4,1
lying_down_video261.mp4,1
lying_down_video265.mp4,1
lying_down_video263.mp4,1
lying_down_video264.mp4,1
lying_down_video268.mp4,1
lying_down_video267.mp4,1
lying_down_video269.mp4,1
lying_down_video266.mp4,1
lying_down_video272.mp4,1
lying_down_video271.mp4,1
lying_down_video270.mp4,1
lying_down_video275.mp4,1
lying_down_video274.mp4,1
lying_down_video273.mp4,1
lying_down_video276.mp4,1
lying_down_video277.mp4,1
lying_down_video278.mp4,1
lying_down_video279.mp4,1
lying_down_video280.mp4,1
lying_down_video281.mp4,1
lying_down_video285.mp4,1
lying_down_video283.mp4,1
lying_down_video282.mp4,1
lying_down_video284.mp4,1
lying_down_video290.mp4,1
lying_down_video287.mp4,1
lying_down_video286.mp4,1
lying_down_video289.mp4,1
lying_down_video288.mp4,1
lying_down_video291.mp4,1
lying_down_video293.mp4,1
lying_down_video292.mp4,1
lying_down_video294.mp4,1
lying_down_video295.mp4,1
lying_down_video298.mp4,1
lying_down_video296.mp4,1
lying_down_video299.mp4,1
lying_down_video297.mp4,1
lying_down_video301.mp4,1
lying_down_video303.mp4,1
lying_down_video300.mp4,1
lying_down_video302.mp4,1
lying_down_video307.mp4,1
lying_down_video304.mp4,1
lying_down_video305.mp4,1
lying_down_video306.mp4,1
lying_down_video310.mp4,1
lying_down_video311.mp4,1
lying_down_video309.mp4,1
lying_down_video308.mp4,1
lying_down_video312.mp4,1
lying_down_video316.mp4,1
lying_down_video314.mp4,1
lying_down_video315.mp4,1
lying_down_video313.mp4,1
lying_down_video320.mp4,1
lying_down_video317.mp4,1
lying_down_video319.mp4,1
lying_down_video318.mp4,1
lying_down_video322.mp4,1
lying_down_video323.mp4,1
lying_down_video321.mp4,1
lying_down_video324.mp4,1
lying_down_video325.mp4,1
lying_down_video328.mp4,1
lying_down_video326.mp4,1
lying_down_video327.mp4,1
lying_down_video329.mp4,1
lying_down_video330.mp4,1
lying_down_video332.mp4,1
lying_down_video331.mp4,1
lying_down_video335.mp4,1
lying_down_video334.mp4,1
lying_down_video333.mp4,1
lying_down_video336.mp4,1
lying_down_video337.mp4,1
lying_down_video341.mp4,1
lying_down_video338.mp4,1
lying_down_video339.mp4,1
lying_down_video340.mp4,1
lying_down_video344.mp4,1
lying_down_video345.mp4,1
lying_down_video343.mp4,1
lying_down_video342.mp4,1
lying_down_video346.mp4,1
lying_down_video348.mp4,1
lying_down_video347.mp4,1
lying_down_video349.mp4,1
lying_down_video352.mp4,1
lying_down_video351.mp4,1
lying_down_video353.mp4,1
lying_down_video354.mp4,1
lying_down_video350.mp4,1
lying_down_video356.mp4,1
lying_down_video355.mp4,1
lying_down_video359.mp4,1
lying_down_video358.mp4,1
lying_down_video357.mp4,1
lying_down_video360.mp4,1
lying_down_video363.mp4,1
lying_down_video361.mp4,1
lying_down_video362.mp4,1
lying_down_video367.mp4,1
lying_down_video364.mp4,1
lying_down_video365.mp4,1
lying_down_video368.mp4,1
lying_down_video366.mp4,1
lying_down_video370.mp4,1
lying_down_video369.mp4,1
lying_down_video371.mp4,1
lying_down_video372.mp4,1
lying_down_video376.mp4,1
lying_down_video377.mp4,1
lying_down_video375.mp4,1
lying_down_video373.mp4,1
lying_down_video374.mp4,1
lying_down_video378.mp4,1
lying_down_video379.mp4,1
sit_down_video0.mp4,2
sit_down_video1.mp4,2
sit_down_video2.mp4,2
sit_down_video4.mp4,2
sit_down_video3.mp4,2
sit_down_video6.mp4,2
sit_down_video5.mp4,2
sit_down_video7.mp4,2
sit_down_video9.mp4,2
sit_down_video8.mp4,2
sit_down_video11.mp4,2
sit_down_video10.mp4,2
sit_down_video12.mp4,2
sit_down_video14.mp4,2
sit_down_video13.mp4,2
sit_down_video16.mp4,2
sit_down_video15.mp4,2
sit_down_video17.mp4,2
sit_down_video18.mp4,2
sit_down_video19.mp4,2
sit_down_video20.mp4,2
sit_down_video21.mp4,2
sit_down_video22.mp4,2
sit_down_video23.mp4,2
sit_down_video25.mp4,2
sit_down_video24.mp4,2
sit_down_video27.mp4,2
sit_down_video26.mp4,2
sit_down_video28.mp4,2
